<?xml version="1.0" encoding="UTF-8"?>
<project-private xmlns="http://www.netbeans.org/ns/project-private/1">
    <editor-bookmarks xmlns="http://www.netbeans.org/ns/editor-bookmarks/2" lastBookmarkId="0"/>
    <open-files xmlns="http://www.netbeans.org/ns/projectui-open-files/2">
        <group>
            <file>file:/C:/Users/ethan/OneDrive/Documents/NetBeansProjects/Registration%20and%20Login%20feature/test/registration/and/login/feature/RegistrationAndLoginFeatureTest.java</file>
            <file>file:/C:/Users/ethan/OneDrive/Documents/NetBeansProjects/Registration%20and%20Login%20feature/src/registration/and/login/feature/RegistrationAndLoginFeature.java</file>
        </group>
    </open-files>
</project-private>
